<?xml version="1.0" encoding="UTF-8"?>
<metadata xml:lang="it"><Esri><CreaDate>20160714</CreaDate><CreaTime>15090900</CreaTime><ArcGISFormat>1.0</ArcGISFormat><SyncOnce>TRUE</SyncOnce><DataProperties><itemProps><itemLocation><linkage Sync="TRUE">file://\\IKGPC7\D$\OneDriveNEW\OneDrive\R_Bridge\Spatio-Temporal Point Pattern Analysis\London_Border</linkage><protocol Sync="TRUE">Local Area Network</protocol></itemLocation></itemProps><copyHistory><copy source="D:\London_Border" dest="\\IKGPC7\D$\OneDriveNEW\OneDrive\R_Bridge\Spatio-Temporal Point Pattern Analysis\London_Border" date="20160714" time="15090900"></copy></copyHistory></DataProperties></Esri></metadata>
