<?xml version="1.0" encoding="UTF-8"?>
<metadata xml:lang="it"><Esri><CreaDate>20160717</CreaDate><CreaTime>14055000</CreaTime><ArcGISFormat>1.0</ArcGISFormat><SyncOnce>TRUE</SyncOnce><DataProperties><itemProps><itemLocation><linkage Sync="TRUE">file://\\FABIORAM\E\OneDrive\R_Bridge\Spatio-Temporal Point Pattern Analysis\Ozone_ZurichTram_Project_STC1</linkage><protocol Sync="TRUE">Local Area Network</protocol></itemLocation></itemProps><copyHistory><copy source="E:\ArcGIS\Ozone_ZurichTram_Project_STC1" dest="\\FABIORAM\E\OneDrive\R_Bridge\Spatio-Temporal Point Pattern Analysis\Ozone_ZurichTram_Project_STC1" date="20160717" time="14055000"></copy></copyHistory></DataProperties></Esri></metadata>
